grade,0,1,ratio
A,9483,602,5.969261279127417
B,10595,1425,11.85524126455907
C,6751,1347,16.633736725117313
D,4189,1118,21.066515922366687
E,2127,715,25.158339197748063
F,730,319,30.40991420400381
G,215,101,31.962025316455694
