,term,defaulted_yes,defaulted_yes_and_no,Ratio
0, 36 months,3227,29096,0.11090871597470443
1, 60 months,2400,10621,0.22596742302984654
